WB_country_name,Region,Image URL
Afghanistan,Asia,https://public.flourish.studio/country-flags/svg/af.svg
Albania,Europe,https://public.flourish.studio/country-flags/svg/al.svg
Algeria,Africa,https://public.flourish.studio/country-flags/svg/dz.svg
Samoa,Oceania,https://public.flourish.studio/country-flags/svg/as.svg
Andorra,Europe,https://public.flourish.studio/country-flags/svg/ad.svg
Angola,Africa,https://public.flourish.studio/country-flags/svg/ao.svg
Antigua and Barbuda,Americas,https://public.flourish.studio/country-flags/svg/ag.svg
Argentina,Americas,https://public.flourish.studio/country-flags/svg/ar.svg
Armenia,Asia,https://public.flourish.studio/country-flags/svg/am.svg
Aruba,Americas,https://public.flourish.studio/country-flags/svg/aw.svg
Australia,Oceania,https://public.flourish.studio/country-flags/svg/au.svg
Austria,Europe,https://public.flourish.studio/country-flags/svg/at.svg
Azerbaijan,Asia,https://public.flourish.studio/country-flags/svg/az.svg
Bahamas,Americas,https://public.flourish.studio/country-flags/svg/bs.svg
Bahrain,Asia,https://public.flourish.studio/country-flags/svg/bh.svg
Bangladesh,Asia,https://public.flourish.studio/country-flags/svg/bd.svg
Barbados,Americas,https://public.flourish.studio/country-flags/svg/bb.svg
Belarus,Europe,https://public.flourish.studio/country-flags/svg/by.svg
Belgium,Europe,https://public.flourish.studio/country-flags/svg/be.svg
Belize,Americas,https://public.flourish.studio/country-flags/svg/bz.svg
Benin,Africa,https://public.flourish.studio/country-flags/svg/bj.svg
Bermuda,Americas,https://public.flourish.studio/country-flags/svg/bm.svg
Bhutan,Asia,https://public.flourish.studio/country-flags/svg/bt.svg
Bolivia,Americas,https://public.flourish.studio/country-flags/svg/bo.svg
Bosnia and Herzegovina,Europe,https://public.flourish.studio/country-flags/svg/ba.svg
Botswana,Africa,https://public.flourish.studio/country-flags/svg/bw.svg
Brazil,Americas,https://public.flourish.studio/country-flags/svg/br.svg
British Virgin Islands,Americas,https://public.flourish.studio/country-flags/svg/vg.svg
Brunei,Asia,https://public.flourish.studio/country-flags/svg/bn.svg
Bulgaria,Europe,https://public.flourish.studio/country-flags/svg/bg.svg
Burkina Faso,Africa,https://public.flourish.studio/country-flags/svg/bf.svg
Burundi,Africa,https://public.flourish.studio/country-flags/svg/bi.svg
Cape Verde,Africa,https://public.flourish.studio/country-flags/svg/cv.svg
Cambodia,Asia,https://public.flourish.studio/country-flags/svg/kh.svg
Cameroon,Africa,https://public.flourish.studio/country-flags/svg/cm.svg
Canada,Americas,https://public.flourish.studio/country-flags/svg/ca.svg
Cayman Islands,Americas,https://public.flourish.studio/country-flags/svg/ky.svg
Central African Republic,Africa,https://public.flourish.studio/country-flags/svg/cf.svg
Chad,Africa,https://public.flourish.studio/country-flags/svg/td.svg
Chile,Americas,https://public.flourish.studio/country-flags/svg/cl.svg
China,Asia,https://public.flourish.studio/country-flags/svg/cn.svg
Colombia,Americas,https://public.flourish.studio/country-flags/svg/co.svg
Comoros,Africa,https://public.flourish.studio/country-flags/svg/km.svg
Congo,Africa,https://public.flourish.studio/country-flags/svg/cg.svg
Costa Rica,Americas,https://public.flourish.studio/country-flags/svg/cr.svg
Côte d'Ivoire,Africa,https://public.flourish.studio/country-flags/svg/ci.svg
Croatia,Europe,https://public.flourish.studio/country-flags/svg/hr.svg
Cuba,Americas,https://public.flourish.studio/country-flags/svg/cu.svg
Curacao,Americas,https://public.flourish.studio/country-flags/svg/cw.svg
Cyprus,Asia,https://public.flourish.studio/country-flags/svg/cy.svg
Czech Republic,Europe,https://public.flourish.studio/country-flags/svg/cz.svg
Denmark,Europe,https://public.flourish.studio/country-flags/svg/dk.svg
Djibouti,Africa,https://public.flourish.studio/country-flags/svg/dj.svg
Dominica,Americas,https://public.flourish.studio/country-flags/svg/dm.svg
Dominican Republic,Americas,https://public.flourish.studio/country-flags/svg/do.svg
Ecuador,Americas,https://public.flourish.studio/country-flags/svg/ec.svg
Egypt,Africa,https://public.flourish.studio/country-flags/svg/eg.svg
El Salvador,Americas,https://public.flourish.studio/country-flags/svg/sv.svg
Equatorial Guinea,Africa,https://public.flourish.studio/country-flags/svg/gq.svg
Eritrea,Africa,https://public.flourish.studio/country-flags/svg/er.svg
Estonia,Europe,https://public.flourish.studio/country-flags/svg/ee.svg
Ethiopia,Africa,https://public.flourish.studio/country-flags/svg/et.svg
Faeroe Islands,Europe,https://public.flourish.studio/country-flags/svg/fo.svg
Fiji,Oceania,https://public.flourish.studio/country-flags/svg/fj.svg
Finland,Europe,https://public.flourish.studio/country-flags/svg/fi.svg
France,Europe,https://public.flourish.studio/country-flags/svg/fr.svg
French Polynesia,Oceania,https://public.flourish.studio/country-flags/svg/pf.svg
Gabon,Africa,https://public.flourish.studio/country-flags/svg/ga.svg
Gambia,Africa,https://public.flourish.studio/country-flags/svg/gm.svg
Georgia,Asia,https://public.flourish.studio/country-flags/svg/ge.svg
Germany,Europe,https://public.flourish.studio/country-flags/svg/de.svg
Ghana,Africa,https://public.flourish.studio/country-flags/svg/gh.svg
Gibraltar,Europe,https://public.flourish.studio/country-flags/svg/gi.svg
Great Britain,Europe,https://public.flourish.studio/country-flags/svg/gb.svg
Greece,Europe,https://public.flourish.studio/country-flags/svg/gr.svg
Greenland,Americas,https://public.flourish.studio/country-flags/svg/gl.svg
Grenada,Americas,https://public.flourish.studio/country-flags/svg/gd.svg
Guam,Oceania,https://public.flourish.studio/country-flags/svg/gu.svg
Guatemala,Americas,https://public.flourish.studio/country-flags/svg/gt.svg
Guinea,Africa,https://public.flourish.studio/country-flags/svg/gn.svg
Guinea-Bissau,Africa,https://public.flourish.studio/country-flags/svg/gw.svg
Guyana,Americas,https://public.flourish.studio/country-flags/svg/gy.svg
Haiti,Americas,https://public.flourish.studio/country-flags/svg/ht.svg
Honduras,Americas,https://public.flourish.studio/country-flags/svg/hn.svg
Hong Kong,Asia,https://public.flourish.studio/country-flags/svg/hk.svg
Hungary,Europe,https://public.flourish.studio/country-flags/svg/hu.svg
Iceland,Europe,https://public.flourish.studio/country-flags/svg/is.svg
India,Asia,https://public.flourish.studio/country-flags/svg/in.svg
Indonesia,Asia,https://public.flourish.studio/country-flags/svg/id.svg
Iran,Asia,https://public.flourish.studio/country-flags/svg/ir.svg
Iraq,Asia,https://public.flourish.studio/country-flags/svg/iq.svg
Ireland,Europe,https://public.flourish.studio/country-flags/svg/ie.svg
Isle of Man,Europe,https://public.flourish.studio/country-flags/svg/im.svg
Israel,Asia,https://public.flourish.studio/country-flags/svg/il.svg
Italy,Europe,https://public.flourish.studio/country-flags/svg/it.svg
Jamaica,Americas,https://public.flourish.studio/country-flags/svg/jm.svg
Japan,Asia,https://public.flourish.studio/country-flags/svg/jp.svg
Jordan,Asia,https://public.flourish.studio/country-flags/svg/jo.svg
Kazakhstan,Asia,https://public.flourish.studio/country-flags/svg/kz.svg
Kenya,Africa,https://public.flourish.studio/country-flags/svg/ke.svg
Kiribati,Oceania,https://public.flourish.studio/country-flags/svg/ki.svg
North Korea,Asia,https://public.flourish.studio/country-flags/svg/kp.svg
South Korea,Asia,https://public.flourish.studio/country-flags/svg/kr.svg
Kosovo,Europe,
Kuwait,Asia,https://public.flourish.studio/country-flags/svg/kw.svg
Kyrgyzstan,Asia,https://public.flourish.studio/country-flags/svg/kg.svg
Laos,Asia,https://public.flourish.studio/country-flags/svg/la.svg
Latvia,Europe,https://public.flourish.studio/country-flags/svg/lv.svg
Lebanon,Asia,https://public.flourish.studio/country-flags/svg/lb.svg
Lesotho,Africa,https://public.flourish.studio/country-flags/svg/ls.svg
Liberia,Africa,https://public.flourish.studio/country-flags/svg/lr.svg
Libya,Africa,https://public.flourish.studio/country-flags/svg/ly.svg
Liechtenstein,Europe,https://public.flourish.studio/country-flags/svg/li.svg
Lithuania,Europe,https://public.flourish.studio/country-flags/svg/lt.svg
Luxembourg,Europe,https://public.flourish.studio/country-flags/svg/lu.svg
North Macedonia,Europe,https://public.flourish.studio/country-flags/svg/mk.svg
Madagascar,Africa,https://public.flourish.studio/country-flags/svg/mg.svg
Malawi,Africa,https://public.flourish.studio/country-flags/svg/mw.svg
Malaysia,Asia,https://public.flourish.studio/country-flags/svg/my.svg
Maldives,Asia,https://public.flourish.studio/country-flags/svg/mv.svg
Mali,Africa,https://public.flourish.studio/country-flags/svg/ml.svg
Malta,Europe,https://public.flourish.studio/country-flags/svg/mt.svg
Marshall Islands,Oceania,https://public.flourish.studio/country-flags/svg/mh.svg
Mauritania,Africa,https://public.flourish.studio/country-flags/svg/mr.svg
Mauritius,Africa,https://public.flourish.studio/country-flags/svg/mu.svg
Mexico,Americas,https://public.flourish.studio/country-flags/svg/mx.svg
Moldova,Europe,https://public.flourish.studio/country-flags/svg/md.svg
Monaco,Europe,https://public.flourish.studio/country-flags/svg/mc.svg
Mongolia,Asia,https://public.flourish.studio/country-flags/svg/mn.svg
Montenegro,Europe,https://public.flourish.studio/country-flags/svg/me.svg
Morocco,Africa,https://public.flourish.studio/country-flags/svg/ma.svg
Mozambique,Africa,https://public.flourish.studio/country-flags/svg/mz.svg
Myanmar,Asia,https://public.flourish.studio/country-flags/svg/mm.svg
Namibia,Africa,https://public.flourish.studio/country-flags/svg/na.svg
Nauru,Oceania,https://public.flourish.studio/country-flags/svg/nr.svg
Nepal,Asia,https://public.flourish.studio/country-flags/svg/np.svg
Netherlands,Europe,https://public.flourish.studio/country-flags/svg/nl.svg
New Caledonia,Oceania,https://public.flourish.studio/country-flags/svg/nc.svg
New Zealand,Oceania,https://public.flourish.studio/country-flags/svg/nz.svg
Nicaragua,Americas,https://public.flourish.studio/country-flags/svg/ni.svg
Niger,Africa,https://public.flourish.studio/country-flags/svg/ne.svg
Nigeria,Africa,https://public.flourish.studio/country-flags/svg/ng.svg
Northern Mariana Islands,Oceania,https://public.flourish.studio/country-flags/svg/mp.svg
Norway,Europe,https://public.flourish.studio/country-flags/svg/no.svg
Oman,Asia,https://public.flourish.studio/country-flags/svg/om.svg
Pakistan,Asia,https://public.flourish.studio/country-flags/svg/pk.svg
Palau,Oceania,https://public.flourish.studio/country-flags/svg/pw.svg
Panama,Americas,https://public.flourish.studio/country-flags/svg/pa.svg
Papua New Guinea,Oceania,https://public.flourish.studio/country-flags/svg/pg.svg
Paraguay,Americas,https://public.flourish.studio/country-flags/svg/py.svg
Peru,Americas,https://public.flourish.studio/country-flags/svg/pe.svg
Philippines,Asia,https://public.flourish.studio/country-flags/svg/ph.svg
Poland,Europe,https://public.flourish.studio/country-flags/svg/pl.svg
Portugal,Europe,https://public.flourish.studio/country-flags/svg/pt.svg
Puerto Rico,Americas,https://public.flourish.studio/country-flags/svg/pr.svg
Qatar,Asia,https://public.flourish.studio/country-flags/svg/qa.svg
Romania,Europe,https://public.flourish.studio/country-flags/svg/ro.svg
Russia,Europe,https://public.flourish.studio/country-flags/svg/ru.svg
Rwanda,Africa,https://public.flourish.studio/country-flags/svg/rw.svg
Samoa,Oceania,https://public.flourish.studio/country-flags/svg/ws.svg
San Marino,Europe,https://public.flourish.studio/country-flags/svg/sm.svg
Sao Tome and Principe,Africa,https://public.flourish.studio/country-flags/svg/st.svg
Saudi Arabia,Asia,https://public.flourish.studio/country-flags/svg/sa.svg
Senegal,Africa,https://public.flourish.studio/country-flags/svg/sn.svg
Serbia,Europe,https://public.flourish.studio/country-flags/svg/rs.svg
Seychelles,Africa,https://public.flourish.studio/country-flags/svg/sc.svg
Sierra Leone,Africa,https://public.flourish.studio/country-flags/svg/sl.svg
Singapore,Asia,https://public.flourish.studio/country-flags/svg/sg.svg
Sint Maarten (Dutch part),Americas,https://public.flourish.studio/country-flags/svg/sx.svg
Slovakia,Europe,https://public.flourish.studio/country-flags/svg/sk.svg
Slovenia,Europe,https://public.flourish.studio/country-flags/svg/si.svg
Solomon Islands,Oceania,https://public.flourish.studio/country-flags/svg/sb.svg
Somalia,Africa,https://public.flourish.studio/country-flags/svg/so.svg
South Africa,Africa,https://public.flourish.studio/country-flags/svg/za.svg
South Sudan,Africa,https://public.flourish.studio/country-flags/svg/ss.svg
Spain,Europe,https://public.flourish.studio/country-flags/svg/es.svg
Sri Lanka,Asia,https://public.flourish.studio/country-flags/svg/lk.svg
Sudan,Africa,https://public.flourish.studio/country-flags/svg/sd.svg
Suriname,Americas,https://public.flourish.studio/country-flags/svg/sr.svg
Sweden,Europe,https://public.flourish.studio/country-flags/svg/se.svg
Switzerland,Europe,https://public.flourish.studio/country-flags/svg/ch.svg
Syria,Asia,https://public.flourish.studio/country-flags/svg/sy.svg
Tajikistan,Asia,https://public.flourish.studio/country-flags/svg/tj.svg
Tanzania,Africa,https://public.flourish.studio/country-flags/svg/tz.svg
Thailand,Asia,https://public.flourish.studio/country-flags/svg/th.svg
Timor,Asia,https://public.flourish.studio/country-flags/svg/tl.svg
Togo,Africa,https://public.flourish.studio/country-flags/svg/tg.svg
Tonga,Oceania,https://public.flourish.studio/country-flags/svg/to.svg
Trinidad and Tobago,Americas,https://public.flourish.studio/country-flags/svg/tt.svg
Tunisia,Africa,https://public.flourish.studio/country-flags/svg/tn.svg
Turkey,Asia,https://public.flourish.studio/country-flags/svg/tr.svg
Turkmenistan,Asia,https://public.flourish.studio/country-flags/svg/tm.svg
Turks and Caicos Islands,Americas,https://public.flourish.studio/country-flags/svg/tc.svg
Tuvalu,Oceania,https://public.flourish.studio/country-flags/svg/tv.svg
Uganda,Africa,https://public.flourish.studio/country-flags/svg/ug.svg
Ukraine,Europe,https://public.flourish.studio/country-flags/svg/ua.svg
United Arab Emirates,Asia,https://public.flourish.studio/country-flags/svg/ae.svg
Uruguay,Americas,https://public.flourish.studio/country-flags/svg/uy.svg
United States,Americas,https://public.flourish.studio/country-flags/svg/us.svg
Uzbekistan,Asia,https://public.flourish.studio/country-flags/svg/uz.svg
Vanuatu,Oceania,https://public.flourish.studio/country-flags/svg/vu.svg
Venezuela,Americas,https://public.flourish.studio/country-flags/svg/ve.svg
Vietnam,Asia,https://public.flourish.studio/country-flags/svg/vn.svg
United States Virgin Islands,Americas,https://public.flourish.studio/country-flags/svg/vi.svg
Yemen,Asia,https://public.flourish.studio/country-flags/svg/ye.svg
Yugoslavia,Europe,
Zambia,Africa,https://public.flourish.studio/country-flags/svg/zm.svg
Zimbabwe,Africa,https://public.flourish.studio/country-flags/svg/zw.svg
